{
    "name": "LM6800",
    "keywords": "display, cariad, tft, lcd, glcd, oled, graphics, font",
    "description": "LM6800 for Cariad",
    "homepage": "https:\/\/github.com\/CariadDisplayLibrary\/LM6800",
    "repository": {
        "type": "git",
        "url": "https:\/\/github.com\/CariadDisplayLibrary\/LM6800"
    },
    "dependencies": [
        {
            "name": "Cariad",
            "version": "2.1.0"
        }
    ],
    "export": {
        "exclude": "debian"
    },
    "authors": {
        "name": "Majenko Technologies",
        "url": "http:\/\/majenko.co.uk"
    },
    "version": "2.1.1",
    "frameworks": "arduino",
    "platforms": "microchippic32"
}
